{
	"info": {
		"_postman_id": "9023618f-ef89-47ca-a76d-706994b0383c",
		"name": "a3",
		"schema": "https://schema.getpostman.com/json/collection/v2.1.0/collection.json",
		"_exporter_id": "23653806"
	},
	"item": [
		{
			"name": "Get all",
			"request": {
				"method": "GET",
				"header": [],
				"url": {
					"raw": "http://127.0.0.1:8000/",
					"protocol": "http",
					"host": [
						"127",
						"0",
						"0",
						"1"
					],
					"port": "8000",
					"path": [
						""
					]
				}
			},
			"response": []
		},
		{
			"name": "Create user",
			"request": {
				"method": "POST",
				"header": [],
				"body": {
					"mode": "raw",
					"raw": "{\n    \"name\": \"Daniel Thorne\",\n    \"username\": \"dt1234\",\n    \"balance\": 100000000\n}"
				},
				"url": {
					"raw": "http://127.0.0.1:8000/users/",
					"protocol": "http",
					"host": [
						"127",
						"0",
						"0",
						"1"
					],
					"port": "8000",
					"path": [
						"users",
						""
					]
				}
			},
			"response": []
		},
		{
			"name": "Get specific user",
			"request": {
				"method": "GET",
				"header": [],
				"url": {
					"raw": "http://127.0.0.1:8000/users/0",
					"protocol": "http",
					"host": [
						"127",
						"0",
						"0",
						"1"
					],
					"port": "8000",
					"path": [
						"users",
						"0"
					]
				}
			},
			"response": []
		},
		{
			"name": "delete user",
			"request": {
				"method": "DELETE",
				"header": [],
				"url": {
					"raw": "http://127.0.0.1:8000/users/1",
					"protocol": "http",
					"host": [
						"127",
						"0",
						"0",
						"1"
					],
					"port": "8000",
					"path": [
						"users",
						"1"
					]
				}
			},
			"response": []
		},
		{
			"name": "Create transaction",
			"request": {
				"method": "POST",
				"header": [],
				"body": {
					"mode": "raw",
					"raw": "{\n    \"sender_id\": 1,\n    \"receiver_id\": 2,\n    \"amount\": 500,\n    \"message\": \"Food\",\n    \"accepted\": null\n}"
				},
				"url": {
					"raw": "http://127.0.0.1:8000/transactions/",
					"protocol": "http",
					"host": [
						"127",
						"0",
						"0",
						"1"
					],
					"port": "8000",
					"path": [
						"transactions",
						""
					]
				}
			},
			"response": []
		},
		{
			"name": "Accept of Deny a payment",
			"request": {
				"method": "POST",
				"header": [],
				"body": {
					"mode": "raw",
					"raw": "{\n    \"accepted\": true\n}"
				},
				"url": {
					"raw": "http://127.0.0.1:8000/transactions/20",
					"protocol": "http",
					"host": [
						"127",
						"0",
						"0",
						"1"
					],
					"port": "8000",
					"path": [
						"transactions",
						"20"
					]
				}
			},
			"response": []
		}
	]
}